Task,Status
Review Pull Requests,Completed
Prepare Presentation for Client Meeting,Completed
Update Documentation,Completed
Fix Bug #234 in User Login,Completed
Test New Features in QA Environment,Completed
Deploy Latest Build to Production,Completed
Plan Next Sprint with Team,Completed
Write Weekly Status Update,Completed
Organize Code Review Session,Completed
Refactor Code for Performance Improvements,Completed
Prepare Demo for Stakeholders,Completed
Conduct Security Audit,Completed
Domain for kozenet Pro,Not Started
Implement User Feedback from Beta Testing,Not Started
Optimize Database Queries,Not Started
Create Automated Test Scripts,Not Started
Research New Technologies for Integration,Not Started
Update User Guide and FAQs,Not Started
Schedule Team Building Activities,Not Started
Analyze System Performance Metrics,Not Started
Prepare Budget Report for Next Quarter,Not Started
Review and Merge Feature Branches,Not Started
Conduct Usability Testing,Not Started
Plan Product Launch Event,Not Started
Develop API Documentation,Not Started